[
  {
    "__type__": "cc.SceneAsset",
    "_name": "help-22",
    "_objFlags": 0,
    "_native": "",
    "scene": {
      "__id__": 1
    },
    "asyncLoadAssets": false
  },
  {
    "__type__": "cc.Scene",
    "_objFlags": 0,
    "_parent": null,
    "_children": [
      {
        "__id__": 2
      },
      {
        "__id__": 52
      }
    ],
    "_active": true,
    "_components": [],
    "_prefab": null,
    "_opacity": 255,
    "_color": {
      "__type__": "cc.Color",
      "r": 255,
      "g": 255,
      "b": 255,
      "a": 255
    },
    "_contentSize": {
      "__type__": "cc.Size",
      "width": 0,
      "height": 0
    },
    "_anchorPoint": {
      "__type__": "cc.Vec2",
      "x": 0,
      "y": 0
    },
    "_trs": {
      "__type__": "TypedArray",
      "ctor": "Float64Array",
      "array": [
        0,
        0,
        0,
        0,
        0,
        0,
        1,
        1,
        1,
        1
      ]
    },
    "_is3DNode": true,
    "_groupIndex": 0,
    "groupIndex": 0,
    "autoReleaseAssets": true,
    "_id": "46e8d689-b977-4dd7-b4e8-03b7ef9cb17d"
  },
  {
    "__type__": "cc.Node",
    "_name": "Canvas",
    "_objFlags": 0,
    "_parent": {
      "__id__": 1
    },
    "_children": [
      {
        "__id__": 3
      },
      {
        "__id__": 5
      },
      {
        "__id__": 10
      },
      {
        "__id__": 12
      },
      {
        "__id__": 13
      },
      {
        "__id__": 14
      },
      {
        "__id__": 16
      },
      {
        "__id__": 18
      }
    ],
    "_active": true,
    "_components": [
      {
        "__id__": 50
      },
      {
        "__id__": 51
      }
    ],
    "_prefab": null,
    "_opacity": 255,
    "_color": {
      "__type__": "cc.Color",
      "r": 255,
      "g": 255,
      "b": 255,
      "a": 255
    },
    "_contentSize": {
      "__type__": "cc.Size",
      "width": 960,
      "height": 640
    },
    "_anchorPoint": {
      "__type__": "cc.Vec2",
      "x": 0.5,
      "y": 0.5
    },
    "_trs": {
      "__type__": "TypedArray",
      "ctor": "Float64Array",
      "array": [
        480,
        320,
        0,
        0,
        0,
        0,
        1,
        1,
        1,
        1
      ]
    },
    "_eulerAngles": {
      "__type__": "cc.Vec3",
      "x": 0,
      "y": 0,
      "z": 0
    },
    "_skewX": 0,
    "_skewY": 0,
    "_is3DNode": false,
    "_groupIndex": 0,
    "groupIndex": 0,
    "_id": "a5esZu+45LA5mBpvttspPD"
  },
  {
    "__type__": "cc.Node",
    "_name": "Main Camera",
    "_objFlags": 0,
    "_parent": {
      "__id__": 2
    },
    "_children": [],
    "_active": true,
    "_components": [
      {
        "__id__": 4
      }
    ],
    "_prefab": null,
    "_opacity": 255,
    "_color": {
      "__type__": "cc.Color",
      "r": 255,
      "g": 255,
      "b": 255,
      "a": 255
    },
    "_contentSize": {
      "__type__": "cc.Size",
      "width": 960,
      "height": 640
    },
    "_anchorPoint": {
      "__type__": "cc.Vec2",
      "x": 0.5,
      "y": 0.5
    },
    "_trs": {
      "__type__": "TypedArray",
      "ctor": "Float64Array",
      "array": [
        0,
        0,
        950.6361491637733,
        0,
        0,
        0,
        1,
        1,
        1,
        1
      ]
    },
    "_eulerAngles": {
      "__type__": "cc.Vec3",
      "x": 0,
      "y": 0,
      "z": 0
    },
    "_skewX": 0,
    "_skewY": 0,
    "_is3DNode": false,
    "_groupIndex": 0,
    "groupIndex": 0,
    "_id": "e1WoFrQ79G7r4ZuQE3HlNb"
  },
  {
    "__type__": "cc.Camera",
    "_name": "",
    "_objFlags": 0,
    "node": {
      "__id__": 3
    },
    "_enabled": true,
    "_cullingMask": 4294967295,
    "_clearFlags": 7,
    "_backgroundColor": {
      "__type__": "cc.Color",
      "r": 0,
      "g": 0,
      "b": 0,
      "a": 255
    },
    "_depth": -1,
    "_zoomRatio": 1,
    "_targetTexture": null,
    "_fov": 60,
    "_orthoSize": 10,
    "_nearClip": 1,
    "_farClip": 4096,
    "_ortho": true,
    "_rect": {
      "__type__": "cc.Rect",
      "x": 0,
      "y": 0,
      "width": 1,
      "height": 1
    },
    "_renderStages": 1,
    "_alignWithScreen": true,
    "_id": "81GN3uXINKVLeW4+iKSlim"
  },
  {
    "__type__": "cc.Node",
    "_name": "background",
    "_objFlags": 0,
    "_parent": {
      "__id__": 2
    },
    "_children": [
      {
        "__id__": 6
      }
    ],
    "_active": true,
    "_components": [
      {
        "__id__": 8
      },
      {
        "__id__": 9
      }
    ],
    "_prefab": null,
    "_opacity": 255,
    "_color": {
      "__type__": "cc.Color",
      "r": 204,
      "g": 204,
      "b": 204,
      "a": 255
    },
    "_contentSize": {
      "__type__": "cc.Size",
      "width": 960,
      "height": 640
    },
    "_anchorPoint": {
      "__type__": "cc.Vec2",
      "x": 0.5,
      "y": 0.5
    },
    "_trs": {
      "__type__": "TypedArray",
      "ctor": "Float64Array",
      "array": [
        0,
        0,
        0,
        0,
        0,
        0,
        1,
        1,
        1,
        1
      ]
    },
    "_eulerAngles": {
      "__type__": "cc.Vec3",
      "x": 0,
      "y": 0,
      "z": 0
    },
    "_skewX": 0,
    "_skewY": 0,
    "_is3DNode": false,
    "_groupIndex": 0,
    "groupIndex": 0,
    "_id": "62SJl+32tCJbJVi5dFLt3v"
  },
  {
    "__type__": "cc.Node",
    "_name": "New WebView",
    "_objFlags": 0,
    "_parent": {
      "__id__": 5
    },
    "_children": [],
    "_active": true,
    "_components": [
      {
        "__id__": 7
      }
    ],
    "_prefab": null,
    "_opacity": 255,
    "_color": {
      "__type__": "cc.Color",
      "r": 255,
      "g": 255,
      "b": 255,
      "a": 255
    },
    "_contentSize": {
      "__type__": "cc.Size",
      "width": 770,
      "height": 610
    },
    "_anchorPoint": {
      "__type__": "cc.Vec2",
      "x": 0.5,
      "y": 0.5
    },
    "_trs": {
      "__type__": "TypedArray",
      "ctor": "Float64Array",
      "array": [
        -85,
        0,
        0,
        0,
        0,
        0,
        1,
        1,
        1,
        1
      ]
    },
    "_eulerAngles": {
      "__type__": "cc.Vec3",
      "x": 0,
      "y": 0,
      "z": 0
    },
    "_skewX": 0,
    "_skewY": 0,
    "_is3DNode": false,
    "_groupIndex": 0,
    "groupIndex": 0,
    "_id": "11W5Q8y8xCOY25EDAi8ddh"
  },
  {
    "__type__": "cc.WebView",
    "_name": "",
    "_objFlags": 0,
    "node": {
      "__id__": 6
    },
    "_enabled": true,
    "_useOriginalSize": false,
    "_url": "https://www.bilibili.com/video/BV1Gx411z7x2?from=search&seid=14704342665083105122",
    "webviewEvents": [],
    "_id": "6fbuQ8z91CRLKn8UZT9c5p"
  },
  {
    "__type__": "cc.Widget",
    "_name": "",
    "_objFlags": 0,
    "node": {
      "__id__": 5
    },
    "_enabled": true,
    "alignMode": 1,
    "_target": null,
    "_alignFlags": 45,
    "_left": 0,
    "_right": 0,
    "_top": 0,
    "_bottom": 0,
    "_verticalCenter": 0,
    "_horizontalCenter": 0,
    "_isAbsLeft": true,
    "_isAbsRight": true,
    "_isAbsTop": true,
    "_isAbsBottom": true,
    "_isAbsHorizontalCenter": true,
    "_isAbsVerticalCenter": true,
    "_originalWidth": 200,
    "_originalHeight": 150,
    "_id": "868WjveepEnrUYD+iuhlPj"
  },
  {
    "__type__": "cc.Sprite",
    "_name": "",
    "_objFlags": 0,
    "node": {
      "__id__": 5
    },
    "_enabled": true,
    "_materials": [
      {
        "__uuid__": "eca5d2f2-8ef6-41c2-bbe6-f9c79d09c432"
      }
    ],
    "_srcBlendFactor": 770,
    "_dstBlendFactor": 771,
    "_spriteFrame": {
      "__uuid__": "410fb916-8721-4663-bab8-34397391ace7"
    },
    "_type": 0,
    "_sizeMode": 0,
    "_fillType": 0,
    "_fillCenter": {
      "__type__": "cc.Vec2",
      "x": 0,
      "y": 0
    },
    "_fillStart": 0,
    "_fillRange": 0,
    "_isTrimmedMode": true,
    "_atlas": null,
    "_id": "80fNkm57ZMirENXYIK7aWf"
  },
  {
    "__type__": "cc.Node",
    "_name": "New Node",
    "_objFlags": 0,
    "_parent": {
      "__id__": 2
    },
    "_children": [],
    "_active": true,
    "_components": [
      {
        "__id__": 11
      }
    ],
    "_prefab": null,
    "_opacity": 255,
    "_color": {
      "__type__": "cc.Color",
      "r": 255,
      "g": 255,
      "b": 255,
      "a": 255
    },
    "_contentSize": {
      "__type__": "cc.Size",
      "width": 0,
      "height": 0
    },
    "_anchorPoint": {
      "__type__": "cc.Vec2",
      "x": 0.5,
      "y": 0.5
    },
    "_trs": {
      "__type__": "TypedArray",
      "ctor": "Float64Array",
      "array": [
        0,
        0,
        0,
        0,
        0,
        0,
        1,
        1,
        1,
        1
      ]
    },
    "_eulerAngles": {
      "__type__": "cc.Vec3",
      "x": 0,
      "y": 0,
      "z": 0
    },
    "_skewX": 0,
    "_skewY": 0,
    "_is3DNode": false,
    "_groupIndex": 0,
    "groupIndex": 0,
    "_id": "fabPp/sBhC7ZxNesSlPXd7"
  },
  {
    "__type__": "cc.Graphics",
    "_name": "",
    "_objFlags": 0,
    "node": {
      "__id__": 10
    },
    "_enabled": true,
    "_materials": [
      {
        "__uuid__": "a153945d-2511-4c14-be7b-05d242f47d57"
      }
    ],
    "_lineWidth": 2,
    "_strokeColor": {
      "__type__": "cc.Color",
      "r": 12,
      "g": 7,
      "b": 7,
      "a": 255
    },
    "_lineJoin": 2,
    "_lineCap": 0,
    "_fillColor": {
      "__type__": "cc.Color",
      "r": 162,
      "g": 24,
      "b": 24,
      "a": 255
    },
    "_miterLimit": 10,
    "_id": "589qA+wa9DaYv+xO5s1ziH"
  },
  {
    "__type__": "cc.Node",
    "_name": "New Node",
    "_objFlags": 0,
    "_parent": {
      "__id__": 2
    },
    "_children": [],
    "_active": true,
    "_components": [],
    "_prefab": null,
    "_opacity": 255,
    "_color": {
      "__type__": "cc.Color",
      "r": 255,
      "g": 255,
      "b": 255,
      "a": 255
    },
    "_contentSize": {
      "__type__": "cc.Size",
      "width": 0,
      "height": 0
    },
    "_anchorPoint": {
      "__type__": "cc.Vec2",
      "x": 0.5,
      "y": 0.5
    },
    "_trs": {
      "__type__": "TypedArray",
      "ctor": "Float64Array",
      "array": [
        -229.43,
        0,
        0,
        0,
        0,
        0,
        1,
        1,
        1,
        1
      ]
    },
    "_eulerAngles": {
      "__type__": "cc.Vec3",
      "x": 0,
      "y": 0,
      "z": 0
    },
    "_skewX": 0,
    "_skewY": 0,
    "_is3DNode": false,
    "_groupIndex": 0,
    "groupIndex": 0,
    "_id": "f1YGGvdg9Mua5SyVyKjouv"
  },
  {
    "__type__": "cc.Node",
    "_name": "New Node",
    "_objFlags": 0,
    "_parent": {
      "__id__": 2
    },
    "_children": [],
    "_active": true,
    "_components": [],
    "_prefab": null,
    "_opacity": 255,
    "_color": {
      "__type__": "cc.Color",
      "r": 255,
      "g": 255,
      "b": 255,
      "a": 255
    },
    "_contentSize": {
      "__type__": "cc.Size",
      "width": 0,
      "height": 0
    },
    "_anchorPoint": {
      "__type__": "cc.Vec2",
      "x": 0.5,
      "y": 0.5
    },
    "_trs": {
      "__type__": "TypedArray",
      "ctor": "Float64Array",
      "array": [
        210.508,
        0,
        0,
        0,
        0,
        0,
        1,
        1,
        1,
        1
      ]
    },
    "_eulerAngles": {
      "__type__": "cc.Vec3",
      "x": 0,
      "y": 0,
      "z": 0
    },
    "_skewX": 0,
    "_skewY": 0,
    "_is3DNode": false,
    "_groupIndex": 0,
    "groupIndex": 0,
    "_id": "fd0I98qERHxolNKtGVSw6n"
  },
  {
    "__type__": "cc.Node",
    "_name": "New Node",
    "_objFlags": 0,
    "_parent": {
      "__id__": 2
    },
    "_children": [],
    "_active": true,
    "_components": [
      {
        "__id__": 15
      }
    ],
    "_prefab": null,
    "_opacity": 255,
    "_color": {
      "__type__": "cc.Color",
      "r": 255,
      "g": 255,
      "b": 255,
      "a": 255
    },
    "_contentSize": {
      "__type__": "cc.Size",
      "width": 0,
      "height": 0
    },
    "_anchorPoint": {
      "__type__": "cc.Vec2",
      "x": 0.5,
      "y": 0.5
    },
    "_trs": {
      "__type__": "TypedArray",
      "ctor": "Float64Array",
      "array": [
        0,
        0,
        0,
        0,
        0,
        0,
        1,
        1,
        1,
        1
      ]
    },
    "_eulerAngles": {
      "__type__": "cc.Vec3",
      "x": 0,
      "y": 0,
      "z": 0
    },
    "_skewX": 0,
    "_skewY": 0,
    "_is3DNode": false,
    "_groupIndex": 0,
    "groupIndex": 0,
    "_id": "35rtp3R1xKL5orjenlCFJG"
  },
  {
    "__type__": "cc.Graphics",
    "_name": "",
    "_objFlags": 0,
    "node": {
      "__id__": 14
    },
    "_enabled": true,
    "_materials": [
      {
        "__uuid__": "a153945d-2511-4c14-be7b-05d242f47d57"
      }
    ],
    "_lineWidth": 2,
    "_strokeColor": {
      "__type__": "cc.Color",
      "r": 0,
      "g": 0,
      "b": 0,
      "a": 255
    },
    "_lineJoin": 2,
    "_lineCap": 0,
    "_fillColor": {
      "__type__": "cc.Color",
      "r": 211,
      "g": 84,
      "b": 84,
      "a": 255
    },
    "_miterLimit": 10,
    "_id": "bdvIReJ/BJRLad+SNaGC9A"
  },
  {
    "__type__": "cc.Node",
    "_name": "New Label",
    "_objFlags": 0,
    "_parent": {
      "__id__": 2
    },
    "_children": [],
    "_active": true,
    "_components": [
      {
        "__id__": 17
      }
    ],
    "_prefab": null,
    "_opacity": 255,
    "_color": {
      "__type__": "cc.Color",
      "r": 16,
      "g": 9,
      "b": 9,
      "a": 255
    },
    "_contentSize": {
      "__type__": "cc.Size",
      "width": 168,
      "height": 85.2
    },
    "_anchorPoint": {
      "__type__": "cc.Vec2",
      "x": 0.5,
      "y": 0.5
    },
    "_trs": {
      "__type__": "TypedArray",
      "ctor": "Float64Array",
      "array": [
        391,
        143,
        0,
        0,
        0,
        0,
        1,
        1,
        1,
        1
      ]
    },
    "_eulerAngles": {
      "__type__": "cc.Vec3",
      "x": 0,
      "y": 0,
      "z": 0
    },
    "_skewX": 0,
    "_skewY": 0,
    "_is3DNode": false,
    "_groupIndex": 0,
    "groupIndex": 0,
    "_id": "4dkvfBmkxFk6VPsU0R8Syi"
  },
  {
    "__type__": "cc.Label",
    "_name": "",
    "_objFlags": 0,
    "node": {
      "__id__": 16
    },
    "_enabled": true,
    "_materials": [
      {
        "__uuid__": "eca5d2f2-8ef6-41c2-bbe6-f9c79d09c432"
      }
    ],
    "_srcBlendFactor": 770,
    "_dstBlendFactor": 771,
    "_useOriginalSize": false,
    "_string": "这里提供了一些通俗易懂的\n第三方网页教会你如何使用\n万用表和示波器\nPC端无法使用此功能",
    "_N$string": "这里提供了一些通俗易懂的\n第三方网页教会你如何使用\n万用表和示波器\nPC端无法使用此功能",
    "_fontSize": 14,
    "_lineHeight": 20,
    "_enableWrapText": true,
    "_N$file": null,
    "_isSystemFontUsed": true,
    "_spacingX": 0,
    "_batchAsBitmap": false,
    "_styleFlags": 0,
    "_underlineHeight": 0,
    "_N$horizontalAlign": 1,
    "_N$verticalAlign": 1,
    "_N$fontFamily": "Arial",
    "_N$overflow": 0,
    "_N$cacheMode": 0,
    "_id": "5auJqHPyFCmJLYr+6F0mCP"
  },
  {
    "__type__": "cc.Node",
    "_name": "New ToggleGroup",
    "_objFlags": 0,
    "_parent": {
      "__id__": 2
    },
    "_children": [
      {
        "__id__": 19
      },
      {
        "__id__": 30
      },
      {
        "__id__": 40
      }
    ],
    "_active": true,
    "_components": [
      {
        "__id__": 27
      }
    ],
    "_prefab": null,
    "_opacity": 255,
    "_color": {
      "__type__": "cc.Color",
      "r": 255,
      "g": 255,
      "b": 255,
      "a": 255
    },
    "_contentSize": {
      "__type__": "cc.Size",
      "width": 221,
      "height": 61
    },
    "_anchorPoint": {
      "__type__": "cc.Vec2",
      "x": 0.5,
      "y": 0.5
    },
    "_trs": {
      "__type__": "TypedArray",
      "ctor": "Float64Array",
      "array": [
        323,
        -101,
        0,
        0,
        0,
        -0.7071067811865475,
        0.7071067811865476,
        1,
        1,
        1
      ]
    },
    "_eulerAngles": {
      "__type__": "cc.Vec3",
      "x": 0,
      "y": 0,
      "z": -90
    },
    "_skewX": 0,
    "_skewY": 0,
    "_is3DNode": false,
    "_groupIndex": 0,
    "groupIndex": 0,
    "_id": "5dxyEzWwBK8LP7mJvnVHFo"
  },
  {
    "__type__": "cc.Node",
    "_name": "toggle1",
    "_objFlags": 0,
    "_parent": {
      "__id__": 18
    },
    "_children": [
      {
        "__id__": 20
      },
      {
        "__id__": 22
      },
      {
        "__id__": 24
      }
    ],
    "_active": true,
    "_components": [
      {
        "__id__": 26
      },
      {
        "__id__": 29
      }
    ],
    "_prefab": null,
    "_opacity": 255,
    "_color": {
      "__type__": "cc.Color",
      "r": 255,
      "g": 255,
      "b": 255,
      "a": 255
    },
    "_contentSize": {
      "__type__": "cc.Size",
      "width": 41,
      "height": 28
    },
    "_anchorPoint": {
      "__type__": "cc.Vec2",
      "x": 0.5,
      "y": 0.5
    },
    "_trs": {
      "__type__": "TypedArray",
      "ctor": "Float64Array",
      "array": [
        -62,
        3,
        0,
        0,
        0,
        0,
        1,
        1,
        1,
        0
      ]
    },
    "_eulerAngles": {
      "__type__": "cc.Vec3",
      "x": 0,
      "y": 0,
      "z": 0
    },
    "_skewX": 0,
    "_skewY": 0,
    "_is3DNode": false,
    "_groupIndex": 0,
    "groupIndex": 0,
    "_id": "ffzPiKyoRKSqOZyLBviuTq"
  },
  {
    "__type__": "cc.Node",
    "_name": "Background",
    "_objFlags": 512,
    "_parent": {
      "__id__": 19
    },
    "_children": [],
    "_active": true,
    "_components": [
      {
        "__id__": 21
      }
    ],
    "_prefab": null,
    "_opacity": 255,
    "_color": {
      "__type__": "cc.Color",
      "r": 255,
      "g": 255,
      "b": 255,
      "a": 255
    },
    "_contentSize": {
      "__type__": "cc.Size",
      "width": 32,
      "height": 32
    },
    "_anchorPoint": {
      "__type__": "cc.Vec2",
      "x": 0.5,
      "y": 0.5
    },
    "_trs": {
      "__type__": "TypedArray",
      "ctor": "Float64Array",
      "array": [
        0,
        0,
        0,
        0,
        0,
        0,
        1,
        1,
        1,
        1
      ]
    },
    "_eulerAngles": {
      "__type__": "cc.Vec3",
      "x": 0,
      "y": 0,
      "z": 0
    },
    "_skewX": 0,
    "_skewY": 0,
    "_is3DNode": false,
    "_groupIndex": 0,
    "groupIndex": 0,
    "_id": "afTeJhA9lIPLcFNVGCSJCw"
  },
  {
    "__type__": "cc.Sprite",
    "_name": "",
    "_objFlags": 0,
    "node": {
      "__id__": 20
    },
    "_enabled": true,
    "_materials": [
      {
        "__uuid__": "eca5d2f2-8ef6-41c2-bbe6-f9c79d09c432"
      }
    ],
    "_srcBlendFactor": 770,
    "_dstBlendFactor": 771,
    "_spriteFrame": {
      "__uuid__": "e7aba14b-f956-4480-b254-8d57832e273f"
    },
    "_type": 0,
    "_sizeMode": 2,
    "_fillType": 0,
    "_fillCenter": {
      "__type__": "cc.Vec2",
      "x": 0,
      "y": 0
    },
    "_fillStart": 0,
    "_fillRange": 0,
    "_isTrimmedMode": false,
    "_atlas": null,
    "_id": "12PRTZI8pPBp0pyeTa8zO7"
  },
  {
    "__type__": "cc.Node",
    "_name": "checkmark",
    "_objFlags": 512,
    "_parent": {
      "__id__": 19
    },
    "_children": [],
    "_active": true,
    "_components": [
      {
        "__id__": 23
      }
    ],
    "_prefab": null,
    "_opacity": 255,
    "_color": {
      "__type__": "cc.Color",
      "r": 255,
      "g": 255,
      "b": 255,
      "a": 255
    },
    "_contentSize": {
      "__type__": "cc.Size",
      "width": 32,
      "height": 32
    },
    "_anchorPoint": {
      "__type__": "cc.Vec2",
      "x": 0.5,
      "y": 0.5
    },
    "_trs": {
      "__type__": "TypedArray",
      "ctor": "Float64Array",
      "array": [
        0,
        0,
        0,
        0,
        0,
        0,
        1,
        1,
        1,
        1
      ]
    },
    "_eulerAngles": {
      "__type__": "cc.Vec3",
      "x": 0,
      "y": 0,
      "z": 0
    },
    "_skewX": 0,
    "_skewY": 0,
    "_is3DNode": false,
    "_groupIndex": 0,
    "groupIndex": 0,
    "_id": "8335V4hWVDv7CwqcZXZheF"
  },
  {
    "__type__": "cc.Sprite",
    "_name": "",
    "_objFlags": 0,
    "node": {
      "__id__": 22
    },
    "_enabled": true,
    "_materials": [
      {
        "__uuid__": "eca5d2f2-8ef6-41c2-bbe6-f9c79d09c432"
      }
    ],
    "_srcBlendFactor": 770,
    "_dstBlendFactor": 771,
    "_spriteFrame": {
      "__uuid__": "1a32fc76-f0bd-4f66-980f-56929c0ca0b3"
    },
    "_type": 0,
    "_sizeMode": 2,
    "_fillType": 0,
    "_fillCenter": {
      "__type__": "cc.Vec2",
      "x": 0,
      "y": 0
    },
    "_fillStart": 0,
    "_fillRange": 0,
    "_isTrimmedMode": false,
    "_atlas": null,
    "_id": "57Tcr6gKBOhojBwuPWa6PT"
  },
  {
    "__type__": "cc.Node",
    "_name": "New Label",
    "_objFlags": 0,
    "_parent": {
      "__id__": 19
    },
    "_children": [],
    "_active": true,
    "_components": [
      {
        "__id__": 25
      }
    ],
    "_prefab": null,
    "_opacity": 255,
    "_color": {
      "__type__": "cc.Color",
      "r": 255,
      "g": 255,
      "b": 255,
      "a": 255
    },
    "_contentSize": {
      "__type__": "cc.Size",
      "width": 125,
      "height": 31.5
    },
    "_anchorPoint": {
      "__type__": "cc.Vec2",
      "x": 0.5,
      "y": 0.5
    },
    "_trs": {
      "__type__": "TypedArray",
      "ctor": "Float64Array",
      "array": [
        0,
        82,
        0,
        0,
        0,
        0.7071067811865475,
        0.7071067811865476,
        1,
        1,
        1
      ]
    },
    "_eulerAngles": {
      "__type__": "cc.Vec3",
      "x": 0,
      "y": 0,
      "z": 90
    },
    "_skewX": 0,
    "_skewY": 0,
    "_is3DNode": false,
    "_groupIndex": 0,
    "groupIndex": 0,
    "_id": "c4FE9XHr5FaL6SglqczIA6"
  },
  {
    "__type__": "cc.Label",
    "_name": "",
    "_objFlags": 0,
    "node": {
      "__id__": 24
    },
    "_enabled": true,
    "_materials": [
      {
        "__uuid__": "eca5d2f2-8ef6-41c2-bbe6-f9c79d09c432"
      }
    ],
    "_srcBlendFactor": 770,
    "_dstBlendFactor": 771,
    "_useOriginalSize": false,
    "_string": "万用表使用",
    "_N$string": "万用表使用",
    "_fontSize": 25,
    "_lineHeight": 25,
    "_enableWrapText": true,
    "_N$file": null,
    "_isSystemFontUsed": true,
    "_spacingX": 0,
    "_batchAsBitmap": false,
    "_styleFlags": 0,
    "_underlineHeight": 0,
    "_N$horizontalAlign": 1,
    "_N$verticalAlign": 1,
    "_N$fontFamily": "Arial",
    "_N$overflow": 0,
    "_N$cacheMode": 0,
    "_id": "58AARM9KZAC6tD/z4emSLa"
  },
  {
    "__type__": "cc.Toggle",
    "_name": "",
    "_objFlags": 0,
    "node": {
      "__id__": 19
    },
    "_enabled": true,
    "_normalMaterial": null,
    "_grayMaterial": null,
    "duration": 0.1,
    "zoomScale": 1.2,
    "clickEvents": [],
    "_N$interactable": true,
    "_N$enableAutoGrayEffect": false,
    "_N$transition": 3,
    "transition": 3,
    "_N$normalColor": {
      "__type__": "cc.Color",
      "r": 214,
      "g": 214,
      "b": 214,
      "a": 255
    },
    "_N$pressedColor": {
      "__type__": "cc.Color",
      "r": 211,
      "g": 211,
      "b": 211,
      "a": 255
    },
    "pressedColor": {
      "__type__": "cc.Color",
      "r": 211,
      "g": 211,
      "b": 211,
      "a": 255
    },
    "_N$hoverColor": {
      "__type__": "cc.Color",
      "r": 255,
      "g": 255,
      "b": 255,
      "a": 255
    },
    "hoverColor": {
      "__type__": "cc.Color",
      "r": 255,
      "g": 255,
      "b": 255,
      "a": 255
    },
    "_N$disabledColor": {
      "__type__": "cc.Color",
      "r": 124,
      "g": 124,
      "b": 124,
      "a": 255
    },
    "_N$normalSprite": null,
    "_N$pressedSprite": null,
    "pressedSprite": null,
    "_N$hoverSprite": null,
    "hoverSprite": null,
    "_N$disabledSprite": null,
    "_N$target": {
      "__id__": 19
    },
    "_N$isChecked": true,
    "toggleGroup": {
      "__id__": 27
    },
    "checkMark": {
      "__id__": 23
    },
    "checkEvents": [
      {
        "__id__": 28
      }
    ],
    "_id": "11ZHcUK2dBHbKhZe5cWRAI"
  },
  {
    "__type__": "cc.ToggleGroup",
    "_name": "",
    "_objFlags": 0,
    "node": {
      "__id__": 18
    },
    "_enabled": true,
    "allowSwitchOff": false,
    "_id": "5aPH++w2dCTaT2cDFYs+lg"
  },
  {
    "__type__": "cc.ClickEvent",
    "target": {
      "__id__": 19
    },
    "component": "",
    "_componentId": "2c7b6SXE6tBlok4qo2BwaWS",
    "handler": "toweb1",
    "customEventData": ""
  },
  {
    "__type__": "2c7b6SXE6tBlok4qo2BwaWS",
    "_name": "",
    "_objFlags": 0,
    "node": {
      "__id__": 19
    },
    "_enabled": true,
    "player": null,
    "player2": null,
    "player3": null,
    "player4": null,
    "player5": null,
    "player6": {
      "__id__": 7
    },
    "imgIdx": 1,
    "sprArray": [],
    "_id": "a7DAnUElxLj5D2Np1keFNR"
  },
  {
    "__type__": "cc.Node",
    "_name": "toggle2",
    "_objFlags": 0,
    "_parent": {
      "__id__": 18
    },
    "_children": [
      {
        "__id__": 31
      },
      {
        "__id__": 33
      },
      {
        "__id__": 35
      }
    ],
    "_active": true,
    "_components": [
      {
        "__id__": 37
      },
      {
        "__id__": 39
      }
    ],
    "_prefab": null,
    "_opacity": 255,
    "_color": {
      "__type__": "cc.Color",
      "r": 255,
      "g": 255,
      "b": 255,
      "a": 255
    },
    "_contentSize": {
      "__type__": "cc.Size",
      "width": 42,
      "height": 28
    },
    "_anchorPoint": {
      "__type__": "cc.Vec2",
      "x": 0.5,
      "y": 0.5
    },
    "_trs": {
      "__type__": "TypedArray",
      "ctor": "Float64Array",
      "array": [
        15,
        3,
        0,
        0,
        0,
        0,
        1,
        1,
        1,
        0
      ]
    },
    "_eulerAngles": {
      "__type__": "cc.Vec3",
      "x": 0,
      "y": 0,
      "z": 0
    },
    "_skewX": 0,
    "_skewY": 0,
    "_is3DNode": false,
    "_groupIndex": 0,
    "groupIndex": 0,
    "_id": "ffocQonB9DobvPpYeyrRpQ"
  },
  {
    "__type__": "cc.Node",
    "_name": "Background",
    "_objFlags": 512,
    "_parent": {
      "__id__": 30
    },
    "_children": [],
    "_active": true,
    "_components": [
      {
        "__id__": 32
      }
    ],
    "_prefab": null,
    "_opacity": 255,
    "_color": {
      "__type__": "cc.Color",
      "r": 255,
      "g": 255,
      "b": 255,
      "a": 255
    },
    "_contentSize": {
      "__type__": "cc.Size",
      "width": 32,
      "height": 32
    },
    "_anchorPoint": {
      "__type__": "cc.Vec2",
      "x": 0.5,
      "y": 0.5
    },
    "_trs": {
      "__type__": "TypedArray",
      "ctor": "Float64Array",
      "array": [
        0,
        0,
        0,
        0,
        0,
        0,
        1,
        1,
        1,
        1
      ]
    },
    "_eulerAngles": {
      "__type__": "cc.Vec3",
      "x": 0,
      "y": 0,
      "z": 0
    },
    "_skewX": 0,
    "_skewY": 0,
    "_is3DNode": false,
    "_groupIndex": 0,
    "groupIndex": 0,
    "_id": "56wmkzuzFH4rGcOA/2wODV"
  },
  {
    "__type__": "cc.Sprite",
    "_name": "",
    "_objFlags": 0,
    "node": {
      "__id__": 31
    },
    "_enabled": true,
    "_materials": [
      {
        "__uuid__": "eca5d2f2-8ef6-41c2-bbe6-f9c79d09c432"
      }
    ],
    "_srcBlendFactor": 770,
    "_dstBlendFactor": 771,
    "_spriteFrame": {
      "__uuid__": "e7aba14b-f956-4480-b254-8d57832e273f"
    },
    "_type": 0,
    "_sizeMode": 2,
    "_fillType": 0,
    "_fillCenter": {
      "__type__": "cc.Vec2",
      "x": 0,
      "y": 0
    },
    "_fillStart": 0,
    "_fillRange": 0,
    "_isTrimmedMode": false,
    "_atlas": null,
    "_id": "3axbiI19pDV7a91/xnIge8"
  },
  {
    "__type__": "cc.Node",
    "_name": "checkmark",
    "_objFlags": 512,
    "_parent": {
      "__id__": 30
    },
    "_children": [],
    "_active": false,
    "_components": [
      {
        "__id__": 34
      }
    ],
    "_prefab": null,
    "_opacity": 255,
    "_color": {
      "__type__": "cc.Color",
      "r": 255,
      "g": 255,
      "b": 255,
      "a": 255
    },
    "_contentSize": {
      "__type__": "cc.Size",
      "width": 32,
      "height": 32
    },
    "_anchorPoint": {
      "__type__": "cc.Vec2",
      "x": 0.5,
      "y": 0.5
    },
    "_trs": {
      "__type__": "TypedArray",
      "ctor": "Float64Array",
      "array": [
        0,
        0,
        0,
        0,
        0,
        0,
        1,
        1,
        1,
        1
      ]
    },
    "_eulerAngles": {
      "__type__": "cc.Vec3",
      "x": 0,
      "y": 0,
      "z": 0
    },
    "_skewX": 0,
    "_skewY": 0,
    "_is3DNode": false,
    "_groupIndex": 0,
    "groupIndex": 0,
    "_id": "e5CpCN0NhKybNe9G2zviYs"
  },
  {
    "__type__": "cc.Sprite",
    "_name": "",
    "_objFlags": 0,
    "node": {
      "__id__": 33
    },
    "_enabled": true,
    "_materials": [],
    "_srcBlendFactor": 770,
    "_dstBlendFactor": 771,
    "_spriteFrame": {
      "__uuid__": "1a32fc76-f0bd-4f66-980f-56929c0ca0b3"
    },
    "_type": 0,
    "_sizeMode": 2,
    "_fillType": 0,
    "_fillCenter": {
      "__type__": "cc.Vec2",
      "x": 0,
      "y": 0
    },
    "_fillStart": 0,
    "_fillRange": 0,
    "_isTrimmedMode": false,
    "_atlas": null,
    "_id": "ebI7qrvjdGrr821h/aJGOs"
  },
  {
    "__type__": "cc.Node",
    "_name": "New Label",
    "_objFlags": 0,
    "_parent": {
      "__id__": 30
    },
    "_children": [],
    "_active": true,
    "_components": [
      {
        "__id__": 36
      }
    ],
    "_prefab": null,
    "_opacity": 255,
    "_color": {
      "__type__": "cc.Color",
      "r": 255,
      "g": 255,
      "b": 255,
      "a": 255
    },
    "_contentSize": {
      "__type__": "cc.Size",
      "width": 125,
      "height": 50.4
    },
    "_anchorPoint": {
      "__type__": "cc.Vec2",
      "x": 0.5,
      "y": 0.5
    },
    "_trs": {
      "__type__": "TypedArray",
      "ctor": "Float64Array",
      "array": [
        0,
        84,
        0,
        0,
        0,
        0.7071067811865475,
        0.7071067811865476,
        1,
        1,
        1
      ]
    },
    "_eulerAngles": {
      "__type__": "cc.Vec3",
      "x": 0,
      "y": 0,
      "z": 90
    },
    "_skewX": 0,
    "_skewY": 0,
    "_is3DNode": false,
    "_groupIndex": 0,
    "groupIndex": 0,
    "_id": "dcBpleKBRMv4WhoAAyOTF0"
  },
  {
    "__type__": "cc.Label",
    "_name": "",
    "_objFlags": 0,
    "node": {
      "__id__": 35
    },
    "_enabled": true,
    "_materials": [
      {
        "__uuid__": "eca5d2f2-8ef6-41c2-bbe6-f9c79d09c432"
      }
    ],
    "_srcBlendFactor": 770,
    "_dstBlendFactor": 771,
    "_useOriginalSize": false,
    "_string": "示波器入门",
    "_N$string": "示波器入门",
    "_fontSize": 25,
    "_lineHeight": 40,
    "_enableWrapText": true,
    "_N$file": null,
    "_isSystemFontUsed": true,
    "_spacingX": 0,
    "_batchAsBitmap": false,
    "_styleFlags": 0,
    "_underlineHeight": 0,
    "_N$horizontalAlign": 1,
    "_N$verticalAlign": 1,
    "_N$fontFamily": "Arial",
    "_N$overflow": 0,
    "_N$cacheMode": 0,
    "_id": "4eYIW0WtlGNIirrhszBEqL"
  },
  {
    "__type__": "cc.Toggle",
    "_name": "",
    "_objFlags": 0,
    "node": {
      "__id__": 30
    },
    "_enabled": true,
    "_normalMaterial": null,
    "_grayMaterial": null,
    "duration": 0.1,
    "zoomScale": 1.2,
    "clickEvents": [],
    "_N$interactable": true,
    "_N$enableAutoGrayEffect": false,
    "_N$transition": 3,
    "transition": 3,
    "_N$normalColor": {
      "__type__": "cc.Color",
      "r": 214,
      "g": 214,
      "b": 214,
      "a": 255
    },
    "_N$pressedColor": {
      "__type__": "cc.Color",
      "r": 211,
      "g": 211,
      "b": 211,
      "a": 255
    },
    "pressedColor": {
      "__type__": "cc.Color",
      "r": 211,
      "g": 211,
      "b": 211,
      "a": 255
    },
    "_N$hoverColor": {
      "__type__": "cc.Color",
      "r": 255,
      "g": 255,
      "b": 255,
      "a": 255
    },
    "hoverColor": {
      "__type__": "cc.Color",
      "r": 255,
      "g": 255,
      "b": 255,
      "a": 255
    },
    "_N$disabledColor": {
      "__type__": "cc.Color",
      "r": 124,
      "g": 124,
      "b": 124,
      "a": 255
    },
    "_N$normalSprite": null,
    "_N$pressedSprite": null,
    "pressedSprite": null,
    "_N$hoverSprite": null,
    "hoverSprite": null,
    "_N$disabledSprite": null,
    "_N$target": {
      "__id__": 30
    },
    "_N$isChecked": false,
    "toggleGroup": {
      "__id__": 27
    },
    "checkMark": {
      "__id__": 34
    },
    "checkEvents": [
      {
        "__id__": 38
      }
    ],
    "_id": "ee/EK/amBGLp2t/yYbcBO6"
  },
  {
    "__type__": "cc.ClickEvent",
    "target": {
      "__id__": 30
    },
    "component": "",
    "_componentId": "2c7b6SXE6tBlok4qo2BwaWS",
    "handler": "toweb2",
    "customEventData": ""
  },
  {
    "__type__": "2c7b6SXE6tBlok4qo2BwaWS",
    "_name": "",
    "_objFlags": 0,
    "node": {
      "__id__": 30
    },
    "_enabled": true,
    "player": null,
    "player2": null,
    "player3": null,
    "player4": null,
    "player5": null,
    "player6": {
      "__id__": 7
    },
    "imgIdx": 1,
    "sprArray": [],
    "_id": "e3ZQvO9uZD+KEz8oD4G/yL"
  },
  {
    "__type__": "cc.Node",
    "_name": "toggle3",
    "_objFlags": 0,
    "_parent": {
      "__id__": 18
    },
    "_children": [
      {
        "__id__": 41
      },
      {
        "__id__": 43
      },
      {
        "__id__": 45
      }
    ],
    "_active": true,
    "_components": [
      {
        "__id__": 47
      },
      {
        "__id__": 49
      }
    ],
    "_prefab": null,
    "_opacity": 255,
    "_color": {
      "__type__": "cc.Color",
      "r": 255,
      "g": 255,
      "b": 255,
      "a": 255
    },
    "_contentSize": {
      "__type__": "cc.Size",
      "width": 37,
      "height": 28
    },
    "_anchorPoint": {
      "__type__": "cc.Vec2",
      "x": 0.5,
      "y": 0.5
    },
    "_trs": {
      "__type__": "TypedArray",
      "ctor": "Float64Array",
      "array": [
        91,
        3,
        0,
        0,
        0,
        0,
        1,
        1,
        1,
        0
      ]
    },
    "_eulerAngles": {
      "__type__": "cc.Vec3",
      "x": 0,
      "y": 0,
      "z": 0
    },
    "_skewX": 0,
    "_skewY": 0,
    "_is3DNode": false,
    "_groupIndex": 0,
    "groupIndex": 0,
    "_id": "01V+gkPr1Kk5SUogDklnU2"
  },
  {
    "__type__": "cc.Node",
    "_name": "Background",
    "_objFlags": 512,
    "_parent": {
      "__id__": 40
    },
    "_children": [],
    "_active": true,
    "_components": [
      {
        "__id__": 42
      }
    ],
    "_prefab": null,
    "_opacity": 255,
    "_color": {
      "__type__": "cc.Color",
      "r": 255,
      "g": 255,
      "b": 255,
      "a": 255
    },
    "_contentSize": {
      "__type__": "cc.Size",
      "width": 32,
      "height": 32
    },
    "_anchorPoint": {
      "__type__": "cc.Vec2",
      "x": 0.5,
      "y": 0.5
    },
    "_trs": {
      "__type__": "TypedArray",
      "ctor": "Float64Array",
      "array": [
        0,
        0,
        0,
        0,
        0,
        0,
        1,
        1,
        1,
        1
      ]
    },
    "_eulerAngles": {
      "__type__": "cc.Vec3",
      "x": 0,
      "y": 0,
      "z": 0
    },
    "_skewX": 0,
    "_skewY": 0,
    "_is3DNode": false,
    "_groupIndex": 0,
    "groupIndex": 0,
    "_id": "f6qof5B2pJBoFwbDuoOGBx"
  },
  {
    "__type__": "cc.Sprite",
    "_name": "",
    "_objFlags": 0,
    "node": {
      "__id__": 41
    },
    "_enabled": true,
    "_materials": [
      {
        "__uuid__": "eca5d2f2-8ef6-41c2-bbe6-f9c79d09c432"
      }
    ],
    "_srcBlendFactor": 770,
    "_dstBlendFactor": 771,
    "_spriteFrame": {
      "__uuid__": "e7aba14b-f956-4480-b254-8d57832e273f"
    },
    "_type": 0,
    "_sizeMode": 2,
    "_fillType": 0,
    "_fillCenter": {
      "__type__": "cc.Vec2",
      "x": 0,
      "y": 0
    },
    "_fillStart": 0,
    "_fillRange": 0,
    "_isTrimmedMode": false,
    "_atlas": null,
    "_id": "b7SVylDdlM1oNleDYRyCZ1"
  },
  {
    "__type__": "cc.Node",
    "_name": "checkmark",
    "_objFlags": 512,
    "_parent": {
      "__id__": 40
    },
    "_children": [],
    "_active": false,
    "_components": [
      {
        "__id__": 44
      }
    ],
    "_prefab": null,
    "_opacity": 255,
    "_color": {
      "__type__": "cc.Color",
      "r": 255,
      "g": 255,
      "b": 255,
      "a": 255
    },
    "_contentSize": {
      "__type__": "cc.Size",
      "width": 32,
      "height": 32
    },
    "_anchorPoint": {
      "__type__": "cc.Vec2",
      "x": 0.5,
      "y": 0.5
    },
    "_trs": {
      "__type__": "TypedArray",
      "ctor": "Float64Array",
      "array": [
        0,
        0,
        0,
        0,
        0,
        0,
        1,
        1,
        1,
        1
      ]
    },
    "_eulerAngles": {
      "__type__": "cc.Vec3",
      "x": 0,
      "y": 0,
      "z": 0
    },
    "_skewX": 0,
    "_skewY": 0,
    "_is3DNode": false,
    "_groupIndex": 0,
    "groupIndex": 0,
    "_id": "a5h2UVCihHgICPgEG8Tu8U"
  },
  {
    "__type__": "cc.Sprite",
    "_name": "",
    "_objFlags": 0,
    "node": {
      "__id__": 43
    },
    "_enabled": true,
    "_materials": [],
    "_srcBlendFactor": 770,
    "_dstBlendFactor": 771,
    "_spriteFrame": {
      "__uuid__": "1a32fc76-f0bd-4f66-980f-56929c0ca0b3"
    },
    "_type": 0,
    "_sizeMode": 2,
    "_fillType": 0,
    "_fillCenter": {
      "__type__": "cc.Vec2",
      "x": 0,
      "y": 0
    },
    "_fillStart": 0,
    "_fillRange": 0,
    "_isTrimmedMode": false,
    "_atlas": null,
    "_id": "6a7G5rplJL8qQdyd6PTLt3"
  },
  {
    "__type__": "cc.Node",
    "_name": "New Label",
    "_objFlags": 0,
    "_parent": {
      "__id__": 40
    },
    "_children": [],
    "_active": true,
    "_components": [
      {
        "__id__": 46
      }
    ],
    "_prefab": null,
    "_opacity": 255,
    "_color": {
      "__type__": "cc.Color",
      "r": 255,
      "g": 255,
      "b": 255,
      "a": 255
    },
    "_contentSize": {
      "__type__": "cc.Size",
      "width": 125,
      "height": 50.4
    },
    "_anchorPoint": {
      "__type__": "cc.Vec2",
      "x": 0.5,
      "y": 0.5
    },
    "_trs": {
      "__type__": "TypedArray",
      "ctor": "Float64Array",
      "array": [
        0,
        84,
        0,
        0,
        0,
        0.7071067811865475,
        0.7071067811865476,
        1,
        1,
        1
      ]
    },
    "_eulerAngles": {
      "__type__": "cc.Vec3",
      "x": 0,
      "y": 0,
      "z": 90
    },
    "_skewX": 0,
    "_skewY": 0,
    "_is3DNode": false,
    "_groupIndex": 0,
    "groupIndex": 0,
    "_id": "f3Ci40qC1MP7QR0VZfE268"
  },
  {
    "__type__": "cc.Label",
    "_name": "",
    "_objFlags": 0,
    "node": {
      "__id__": 45
    },
    "_enabled": true,
    "_materials": [
      {
        "__uuid__": "eca5d2f2-8ef6-41c2-bbe6-f9c79d09c432"
      }
    ],
    "_srcBlendFactor": 770,
    "_dstBlendFactor": 771,
    "_useOriginalSize": false,
    "_string": "示波器进阶",
    "_N$string": "示波器进阶",
    "_fontSize": 25,
    "_lineHeight": 40,
    "_enableWrapText": true,
    "_N$file": null,
    "_isSystemFontUsed": true,
    "_spacingX": 0,
    "_batchAsBitmap": false,
    "_styleFlags": 0,
    "_underlineHeight": 0,
    "_N$horizontalAlign": 1,
    "_N$verticalAlign": 1,
    "_N$fontFamily": "Arial",
    "_N$overflow": 0,
    "_N$cacheMode": 0,
    "_id": "4beWDWWIxOG6juquJ2phXO"
  },
  {
    "__type__": "cc.Toggle",
    "_name": "",
    "_objFlags": 0,
    "node": {
      "__id__": 40
    },
    "_enabled": true,
    "_normalMaterial": null,
    "_grayMaterial": null,
    "duration": 0.1,
    "zoomScale": 1.2,
    "clickEvents": [],
    "_N$interactable": true,
    "_N$enableAutoGrayEffect": false,
    "_N$transition": 3,
    "transition": 3,
    "_N$normalColor": {
      "__type__": "cc.Color",
      "r": 214,
      "g": 214,
      "b": 214,
      "a": 255
    },
    "_N$pressedColor": {
      "__type__": "cc.Color",
      "r": 211,
      "g": 211,
      "b": 211,
      "a": 255
    },
    "pressedColor": {
      "__type__": "cc.Color",
      "r": 211,
      "g": 211,
      "b": 211,
      "a": 255
    },
    "_N$hoverColor": {
      "__type__": "cc.Color",
      "r": 255,
      "g": 255,
      "b": 255,
      "a": 255
    },
    "hoverColor": {
      "__type__": "cc.Color",
      "r": 255,
      "g": 255,
      "b": 255,
      "a": 255
    },
    "_N$disabledColor": {
      "__type__": "cc.Color",
      "r": 124,
      "g": 124,
      "b": 124,
      "a": 255
    },
    "_N$normalSprite": null,
    "_N$pressedSprite": null,
    "pressedSprite": null,
    "_N$hoverSprite": null,
    "hoverSprite": null,
    "_N$disabledSprite": null,
    "_N$target": {
      "__id__": 40
    },
    "_N$isChecked": false,
    "toggleGroup": {
      "__id__": 27
    },
    "checkMark": {
      "__id__": 44
    },
    "checkEvents": [
      {
        "__id__": 48
      }
    ],
    "_id": "75vgMvm5pMYKj0dKlinl+B"
  },
  {
    "__type__": "cc.ClickEvent",
    "target": {
      "__id__": 40
    },
    "component": "",
    "_componentId": "2c7b6SXE6tBlok4qo2BwaWS",
    "handler": "toweb3",
    "customEventData": ""
  },
  {
    "__type__": "2c7b6SXE6tBlok4qo2BwaWS",
    "_name": "",
    "_objFlags": 0,
    "node": {
      "__id__": 40
    },
    "_enabled": true,
    "player": null,
    "player2": null,
    "player3": null,
    "player4": null,
    "player5": null,
    "player6": {
      "__id__": 7
    },
    "imgIdx": 1,
    "sprArray": [],
    "_id": "99Lh4u83dMJq8W2VnbEY/H"
  },
  {
    "__type__": "cc.Canvas",
    "_name": "",
    "_objFlags": 0,
    "node": {
      "__id__": 2
    },
    "_enabled": true,
    "_designResolution": {
      "__type__": "cc.Size",
      "width": 960,
      "height": 640
    },
    "_fitWidth": false,
    "_fitHeight": true,
    "_id": "59Cd0ovbdF4byw5sbjJDx7"
  },
  {
    "__type__": "cc.Widget",
    "_name": "",
    "_objFlags": 0,
    "node": {
      "__id__": 2
    },
    "_enabled": true,
    "alignMode": 1,
    "_target": null,
    "_alignFlags": 45,
    "_left": 0,
    "_right": 0,
    "_top": 0,
    "_bottom": 0,
    "_verticalCenter": 0,
    "_horizontalCenter": 0,
    "_isAbsLeft": true,
    "_isAbsRight": true,
    "_isAbsTop": true,
    "_isAbsBottom": true,
    "_isAbsHorizontalCenter": true,
    "_isAbsVerticalCenter": true,
    "_originalWidth": 0,
    "_originalHeight": 0,
    "_id": "29zXboiXFBKoIV4PQ2liTe"
  },
  {
    "__type__": "cc.Node",
    "_name": "New Button",
    "_objFlags": 0,
    "_parent": {
      "__id__": 1
    },
    "_children": [
      {
        "__id__": 53
      }
    ],
    "_active": true,
    "_components": [
      {
        "__id__": 58
      },
      {
        "__id__": 60
      }
    ],
    "_prefab": null,
    "_opacity": 255,
    "_color": {
      "__type__": "cc.Color",
      "r": 255,
      "g": 255,
      "b": 255,
      "a": 255
    },
    "_contentSize": {
      "__type__": "cc.Size",
      "width": 100,
      "height": 40
    },
    "_anchorPoint": {
      "__type__": "cc.Vec2",
      "x": 0.5,
      "y": 0.5
    },
    "_trs": {
      "__type__": "TypedArray",
      "ctor": "Float64Array",
      "array": [
        863.796,
        564.357,
        0,
        0,
        0,
        0,
        1,
        1,
        1,
        1
      ]
    },
    "_eulerAngles": {
      "__type__": "cc.Vec3",
      "x": 0,
      "y": 0,
      "z": 0
    },
    "_skewX": 0,
    "_skewY": 0,
    "_is3DNode": false,
    "_groupIndex": 0,
    "groupIndex": 0,
    "_id": "79rxCgH5RB36OVemU2jXlx"
  },
  {
    "__type__": "cc.Node",
    "_name": "Background",
    "_objFlags": 512,
    "_parent": {
      "__id__": 52
    },
    "_children": [
      {
        "__id__": 54
      }
    ],
    "_active": true,
    "_components": [
      {
        "__id__": 56
      },
      {
        "__id__": 57
      }
    ],
    "_prefab": null,
    "_opacity": 255,
    "_color": {
      "__type__": "cc.Color",
      "r": 255,
      "g": 255,
      "b": 255,
      "a": 255
    },
    "_contentSize": {
      "__type__": "cc.Size",
      "width": 100,
      "height": 40
    },
    "_anchorPoint": {
      "__type__": "cc.Vec2",
      "x": 0.5,
      "y": 0.5
    },
    "_trs": {
      "__type__": "TypedArray",
      "ctor": "Float64Array",
      "array": [
        0,
        0,
        0,
        0,
        0,
        0,
        1,
        1,
        1,
        1
      ]
    },
    "_eulerAngles": {
      "__type__": "cc.Vec3",
      "x": 0,
      "y": 0,
      "z": 0
    },
    "_skewX": 0,
    "_skewY": 0,
    "_is3DNode": false,
    "_groupIndex": 0,
    "groupIndex": 0,
    "_id": "adI6iZ3ppEj6yes+2LnHI8"
  },
  {
    "__type__": "cc.Node",
    "_name": "Label",
    "_objFlags": 512,
    "_parent": {
      "__id__": 53
    },
    "_children": [],
    "_active": true,
    "_components": [
      {
        "__id__": 55
      }
    ],
    "_prefab": null,
    "_opacity": 255,
    "_color": {
      "__type__": "cc.Color",
      "r": 0,
      "g": 0,
      "b": 0,
      "a": 255
    },
    "_contentSize": {
      "__type__": "cc.Size",
      "width": 100,
      "height": 40
    },
    "_anchorPoint": {
      "__type__": "cc.Vec2",
      "x": 0.5,
      "y": 0.5
    },
    "_trs": {
      "__type__": "TypedArray",
      "ctor": "Float64Array",
      "array": [
        0,
        0,
        0,
        0,
        0,
        0,
        1,
        1,
        1,
        1
      ]
    },
    "_eulerAngles": {
      "__type__": "cc.Vec3",
      "x": 0,
      "y": 0,
      "z": 0
    },
    "_skewX": 0,
    "_skewY": 0,
    "_is3DNode": false,
    "_groupIndex": 0,
    "groupIndex": 0,
    "_id": "6cjbGZNCBG8Zfv0HX2OtW1"
  },
  {
    "__type__": "cc.Label",
    "_name": "",
    "_objFlags": 0,
    "node": {
      "__id__": 54
    },
    "_enabled": true,
    "_materials": [
      {
        "__uuid__": "eca5d2f2-8ef6-41c2-bbe6-f9c79d09c432"
      }
    ],
    "_srcBlendFactor": 770,
    "_dstBlendFactor": 771,
    "_useOriginalSize": false,
    "_string": "返回",
    "_N$string": "返回",
    "_fontSize": 20,
    "_lineHeight": 40,
    "_enableWrapText": false,
    "_N$file": null,
    "_isSystemFontUsed": true,
    "_spacingX": 0,
    "_batchAsBitmap": false,
    "_styleFlags": 0,
    "_underlineHeight": 0,
    "_N$horizontalAlign": 1,
    "_N$verticalAlign": 1,
    "_N$fontFamily": "Arial",
    "_N$overflow": 1,
    "_N$cacheMode": 1,
    "_id": "e1R5rXA9FBJpDvceDixz++"
  },
  {
    "__type__": "cc.Sprite",
    "_name": "",
    "_objFlags": 0,
    "node": {
      "__id__": 53
    },
    "_enabled": true,
    "_materials": [
      {
        "__uuid__": "eca5d2f2-8ef6-41c2-bbe6-f9c79d09c432"
      }
    ],
    "_srcBlendFactor": 770,
    "_dstBlendFactor": 771,
    "_spriteFrame": {
      "__uuid__": "f4dff420-9ecd-4cdd-8002-7d6b72628574"
    },
    "_type": 1,
    "_sizeMode": 0,
    "_fillType": 0,
    "_fillCenter": {
      "__type__": "cc.Vec2",
      "x": 0,
      "y": 0
    },
    "_fillStart": 0,
    "_fillRange": 0,
    "_isTrimmedMode": true,
    "_atlas": null,
    "_id": "acTX2prHVOu5v7QdtHZaMQ"
  },
  {
    "__type__": "cc.Widget",
    "_name": "",
    "_objFlags": 0,
    "node": {
      "__id__": 53
    },
    "_enabled": true,
    "alignMode": 0,
    "_target": null,
    "_alignFlags": 45,
    "_left": 0,
    "_right": 0,
    "_top": 0,
    "_bottom": 0,
    "_verticalCenter": 0,
    "_horizontalCenter": 0,
    "_isAbsLeft": true,
    "_isAbsRight": true,
    "_isAbsTop": true,
    "_isAbsBottom": true,
    "_isAbsHorizontalCenter": true,
    "_isAbsVerticalCenter": true,
    "_originalWidth": 100,
    "_originalHeight": 40,
    "_id": "00ECT0afpDdJVliCiwus15"
  },
  {
    "__type__": "cc.Button",
    "_name": "",
    "_objFlags": 0,
    "node": {
      "__id__": 52
    },
    "_enabled": true,
    "_normalMaterial": null,
    "_grayMaterial": null,
    "duration": 0.1,
    "zoomScale": 1.2,
    "clickEvents": [
      {
        "__id__": 59
      }
    ],
    "_N$interactable": true,
    "_N$enableAutoGrayEffect": false,
    "_N$transition": 2,
    "transition": 2,
    "_N$normalColor": {
      "__type__": "cc.Color",
      "r": 230,
      "g": 230,
      "b": 230,
      "a": 255
    },
    "_N$pressedColor": {
      "__type__": "cc.Color",
      "r": 200,
      "g": 200,
      "b": 200,
      "a": 255
    },
    "pressedColor": {
      "__type__": "cc.Color",
      "r": 200,
      "g": 200,
      "b": 200,
      "a": 255
    },
    "_N$hoverColor": {
      "__type__": "cc.Color",
      "r": 255,
      "g": 255,
      "b": 255,
      "a": 255
    },
    "hoverColor": {
      "__type__": "cc.Color",
      "r": 255,
      "g": 255,
      "b": 255,
      "a": 255
    },
    "_N$disabledColor": {
      "__type__": "cc.Color",
      "r": 120,
      "g": 120,
      "b": 120,
      "a": 200
    },
    "_N$normalSprite": {
      "__uuid__": "f4dff420-9ecd-4cdd-8002-7d6b72628574"
    },
    "_N$pressedSprite": {
      "__uuid__": "f4dff420-9ecd-4cdd-8002-7d6b72628574"
    },
    "pressedSprite": {
      "__uuid__": "f4dff420-9ecd-4cdd-8002-7d6b72628574"
    },
    "_N$hoverSprite": {
      "__uuid__": "f4dff420-9ecd-4cdd-8002-7d6b72628574"
    },
    "hoverSprite": {
      "__uuid__": "f4dff420-9ecd-4cdd-8002-7d6b72628574"
    },
    "_N$disabledSprite": {
      "__uuid__": "f4dff420-9ecd-4cdd-8002-7d6b72628574"
    },
    "_N$target": {
      "__id__": 53
    },
    "_id": "29aftHqAFLeLYeZs/kGy8n"
  },
  {
    "__type__": "cc.ClickEvent",
    "target": {
      "__id__": 52
    },
    "component": "",
    "_componentId": "2c7b6SXE6tBlok4qo2BwaWS",
    "handler": "tologo",
    "customEventData": ""
  },
  {
    "__type__": "2c7b6SXE6tBlok4qo2BwaWS",
    "_name": "",
    "_objFlags": 0,
    "node": {
      "__id__": 52
    },
    "_enabled": true,
    "player": null,
    "player2": null,
    "player3": null,
    "player4": null,
    "player5": null,
    "player6": null,
    "imgIdx": 1,
    "sprArray": [],
    "_id": "f6EAxk2r9NK5YzVcgUYgjA"
  }
]