{
  "29f52784-2fca-467b-92e7-8fd9ef8c57b7": {
    "asset": 1603644874641,
    "meta": 1603656956176,
    "relativePath": "Scene"
  },
  "4734c20c-0db8-4eb2-92ea-e692f4d70934": {
    "asset": 1601573378700,
    "meta": 1601580866785,
    "relativePath": "Script"
  },
  "7b81d4e8-ec84-4716-968d-500ac1d78a54": {
    "asset": 1600686917867,
    "meta": 1600686930203,
    "relativePath": "Texture"
  },
  "2d2f792f-a40c-49bb-a189-ed176a246e49": {
    "asset": 1603654032260,
    "meta": 1603654032271,
    "relativePath": "Scene\\helloworld.fire"
  },
  "a8027877-d8d6-4645-97a0-52d4a0123dba": {
    "asset": 1600660990811,
    "meta": 1600686930236,
    "relativePath": "Texture\\singleColor.png"
  },
  "6aa0aa6a-ebee-4155-a088-a687a6aadec4": {
    "asset": 1600660990807,
    "meta": 1600686930257,
    "relativePath": "Texture\\HelloWorld.png"
  },
  "be7190d7-fa5d-4d7b-8cb0-db34d46a625b": {
    "asset": 1603655008842,
    "meta": 1603655008860,
    "relativePath": "Scene\\New Scene.fire"
  },
  "fe4de897-5fb8-4a9f-bb57-28211a50c0b4": {
    "asset": 1601235609491,
    "meta": 1601235615761,
    "relativePath": "Script\\NewScript - 002.ts"
  },
  "6419ab10-1712-47af-ab06-9a593dc25442": {
    "asset": 1601485490643,
    "meta": 1601485511393,
    "relativePath": "Script\\tip2.js"
  },
  "9836134e-b892-4283-b6b2-78b5acf3ed45": {
    "asset": 1601747479679,
    "meta": 1601747526415,
    "relativePath": "effects"
  },
  "430eccbf-bf2c-4e6e-8c0c-884bbb487f32": {
    "asset": 1601747479675,
    "meta": 1601747526455,
    "relativePath": "effects\\__builtin-editor-gizmo-line.effect"
  },
  "6c5cf6e1-b044-4eac-9431-835644d57381": {
    "asset": 1601747479676,
    "meta": 1601747526477,
    "relativePath": "effects\\__builtin-editor-gizmo-unlit.effect"
  },
  "115286d1-2e10-49ee-aab4-341583f607e8": {
    "asset": 1601747479678,
    "meta": 1601747526532,
    "relativePath": "effects\\__builtin-editor-gizmo.effect"
  },
  "abc2cb62-7852-4525-a90d-d474487b88f2": {
    "asset": 1601747479669,
    "meta": 1601747526644,
    "relativePath": "effects\\builtin-phong.effect"
  },
  "e2f00085-c597-422d-9759-52c360279106": {
    "asset": 1601747479672,
    "meta": 1601747526716,
    "relativePath": "effects\\builtin-toon.effect"
  },
  "f8e6b000-5643-4b86-9080-aa680ce1f599": {
    "asset": 1603654552287,
    "meta": 1603656956091,
    "relativePath": "image"
  },
  "71561142-4c83-4933-afca-cb7a17f67053": {
    "asset": 1601747479684,
    "meta": 1601747526755,
    "relativePath": "image\\default_btn_disabled.png"
  },
  "b43ff3c2-02bb-4874-81f7-f2dea6970f18": {
    "asset": 1601747479687,
    "meta": 1601747526777,
    "relativePath": "image\\default_btn_pressed.png"
  },
  "e851e89b-faa2-4484-bea6-5c01dd9f06e2": {
    "asset": 1601747479686,
    "meta": 1601747526758,
    "relativePath": "image\\default_btn_normal.png"
  },
  "d81ec8ad-247c-4e62-aa3c-d35c4193c7af": {
    "asset": 1601747479692,
    "meta": 1601747526792,
    "relativePath": "image\\default_panel.png"
  },
  "edd215b9-2796-4a05-aaf5-81f96c9281ce": {
    "asset": 1601747479689,
    "meta": 1601747526774,
    "relativePath": "image\\default_editbox_bg.png"
  },
  "99170b0b-d210-46f1-b213-7d9e3f23098a": {
    "asset": 1601747479695,
    "meta": 1601747526794,
    "relativePath": "image\\default_progressbar_bg.png"
  },
  "cfef78f1-c8df-49b7-8ed0-4c953ace2621": {
    "asset": 1601747479694,
    "meta": 1601747526809,
    "relativePath": "image\\default_progressbar.png"
  },
  "567dcd80-8bf4-4535-8a5a-313f1caf078a": {
    "asset": 1601747479698,
    "meta": 1601747526811,
    "relativePath": "image\\default_radio_button_off.png"
  },
  "9d60001f-b5f4-4726-a629-2659e3ded0b8": {
    "asset": 1601747479701,
    "meta": 1601747526826,
    "relativePath": "image\\default_radio_button_on.png"
  },
  "4bab67cb-18e6-4099-b840-355f0473f890": {
    "asset": 1601747479705,
    "meta": 1601747526829,
    "relativePath": "image\\default_scrollbar_bg.png"
  },
  "617323dd-11f4-4dd3-8eec-0caf6b3b45b9": {
    "asset": 1601747479711,
    "meta": 1601747526843,
    "relativePath": "image\\default_scrollbar_vertical_bg.png"
  },
  "0291c134-b3da-4098-b7b5-e397edbe947f": {
    "asset": 1601747479702,
    "meta": 1601747526860,
    "relativePath": "image\\default_scrollbar.png"
  },
  "d6d3ca85-4681-47c1-b5dd-d036a9d39ea2": {
    "asset": 1601747479708,
    "meta": 1601747526845,
    "relativePath": "image\\default_scrollbar_vertical.png"
  },
  "0275e94c-56a7-410f-bd1a-fc7483f7d14a": {
    "asset": 1601747479714,
    "meta": 1601747526858,
    "relativePath": "image\\default_sprite_splash.png"
  },
  "6e056173-d285-473c-b206-40a7fff5386e": {
    "asset": 1601747479713,
    "meta": 1601747526876,
    "relativePath": "image\\default_sprite.png"
  },
  "c25b9d50-c8fc-4d27-beeb-6e7c1f2e5c0f": {
    "asset": 1601747479718,
    "meta": 1601747526898,
    "relativePath": "image\\default_toggle_disabled.png"
  },
  "73a0903d-d80e-4e3c-aa67-f999543c08f5": {
    "asset": 1601747479716,
    "meta": 1601747526878,
    "relativePath": "image\\default_toggle_checkmark.png"
  },
  "d29077ba-1627-4a72-9579-7b56a235340c": {
    "asset": 1601747479719,
    "meta": 1601747526894,
    "relativePath": "image\\default_toggle_normal.png"
  },
  "b181c1e4-0a72-4a91-bfb0-ae6f36ca60bd": {
    "asset": 1601747479724,
    "meta": 1601747526912,
    "relativePath": "image\\default_toggle_pressed.png"
  },
  "600301aa-3357-4a10-b086-84f011fa32ba": {
    "asset": 1601747479682,
    "meta": 1601747526918,
    "relativePath": "image\\default-particle.png"
  },
  "5c3eedba-6c41-4c0c-9ba7-d91f813cbd1c": {
    "asset": 1601747479729,
    "meta": 1601747526914,
    "relativePath": "materials"
  },
  "c4480a0a-6ac5-443f-8b40-361a14257fc8": {
    "asset": 1601747479728,
    "meta": 1601747529803,
    "relativePath": "materials\\builtin-phong.mtl"
  },
  "fc09f9bd-2cce-4605-b630-8145ef809ed6": {
    "asset": 1601748874031,
    "meta": 1603638909424,
    "relativePath": "misc"
  },
  "2be36297-9abb-4fee-8049-9ed5e271da8a": {
    "asset": 1601747479734,
    "meta": 1601747526943,
    "relativePath": "misc\\default_video.mp4"
  },
  "db019bf7-f71c-4111-98cf-918ea180cb48": {
    "asset": 1601747479763,
    "meta": 1601747526924,
    "relativePath": "model"
  },
  "e39e96e6-6f6e-413f-bcf1-ac7679bb648a": {
    "asset": 1601747479758,
    "meta": 1601747526926,
    "relativePath": "model\\prefab"
  },
  "a87cc147-01b2-43f8-8e42-a7ca90b0c757": {
    "asset": 1601747526929,
    "meta": 1601747526930,
    "relativePath": "model\\prefab\\box.prefab"
  },
  "fe1417b6-fe6b-46a4-ae7c-9fd331f33a2a": {
    "asset": 1601747526933,
    "meta": 1601747526934,
    "relativePath": "model\\prefab\\capsule.prefab"
  },
  "b5fc2cf2-7942-483d-be1f-bbeadc4714ad": {
    "asset": 1601747526936,
    "meta": 1601747526937,
    "relativePath": "model\\prefab\\cone.prefab"
  },
  "1c5e4038-953a-44c2-b620-0bbfc6170477": {
    "asset": 1601747526940,
    "meta": 1601747526941,
    "relativePath": "model\\prefab\\cylinder.prefab"
  },
  "3f376125-a699-40ca-ad05-04d662eaa1f2": {
    "asset": 1601747526946,
    "meta": 1601747526947,
    "relativePath": "model\\prefab\\plane.prefab"
  },
  "6c9ef10d-b479-420b-bfe6-39cdda6a8ae0": {
    "asset": 1601747526949,
    "meta": 1601747526950,
    "relativePath": "model\\prefab\\quad.prefab"
  },
  "2d9a4b85-b0ab-4c46-84c5-18f393ab2058": {
    "asset": 1601747526952,
    "meta": 1601747526953,
    "relativePath": "model\\prefab\\sphere.prefab"
  },
  "de510076-056b-484f-b94c-83bef217d0e1": {
    "asset": 1601747526965,
    "meta": 1601747526966,
    "relativePath": "model\\prefab\\torus.prefab"
  },
  "f6e6dd15-71d1-4ffe-ace7-24fd39942c05": {
    "asset": 1601747479768,
    "meta": 1601747526968,
    "relativePath": "obsolete"
  },
  "b8223619-7e38-47c4-841f-9160c232495a": {
    "asset": 1601747479765,
    "meta": 1601747529853,
    "relativePath": "obsolete\\atom.plist"
  },
  "8a96b965-2dc0-4e03-aa90-3b79cb93b5b4": {
    "asset": 1601747479767,
    "meta": 1601747529174,
    "relativePath": "obsolete\\atom.png"
  },
  "f743d2b6-b7ea-4c14-a55b-547ed4d0a045": {
    "asset": 1601747479774,
    "meta": 1601747529176,
    "relativePath": "particle"
  },
  "b2687ac4-099e-403c-a192-ff477686f4f5": {
    "asset": 1601747479770,
    "meta": 1601747529856,
    "relativePath": "particle\\atom.plist"
  },
  "d0a82d39-bede-46c4-b698-c81ff0dedfff": {
    "asset": 1601747479773,
    "meta": 1601747529218,
    "relativePath": "particle\\atom.png"
  },
  "ae6c6c98-11e4-452f-8758-75f5c6a56e83": {
    "asset": 1601747479834,
    "meta": 1601747529219,
    "relativePath": "prefab"
  },
  "897ef7a1-4860-4f64-968d-f5924b18668a": {
    "asset": 1601747529224,
    "meta": 1601747529225,
    "relativePath": "prefab\\2d-camera.prefab"
  },
  "70d7cdb0-04cd-41bb-9480-c06a4785f386": {
    "asset": 1601747529228,
    "meta": 1601747529229,
    "relativePath": "prefab\\3d-camera.prefab"
  },
  "70bbeb73-6dc2-4ee4-8faf-76b3a0e34ec4": {
    "asset": 1601747529255,
    "meta": 1601747529256,
    "relativePath": "prefab\\3d-particle.prefab"
  },
  "ed88f13d-fcad-4848-aa35-65a2cb973584": {
    "asset": 1601747529267,
    "meta": 1601747529269,
    "relativePath": "prefab\\3d-stage.prefab"
  },
  "972b9a4d-47ee-4c74-b5c3-61d8a69bc29f": {
    "asset": 1601747529272,
    "meta": 1601747529273,
    "relativePath": "prefab\\button.prefab"
  },
  "2c937608-2562-40ea-b264-7395df6f0cea": {
    "asset": 1601747529279,
    "meta": 1601747529280,
    "relativePath": "prefab\\canvas.prefab"
  },
  "61aeb05b-3b32-452b-8eed-2b76deeed554": {
    "asset": 1601747529284,
    "meta": 1601747529285,
    "relativePath": "prefab\\editbox.prefab"
  },
  "27756ebb-3d33-44b0-9b96-e858fadd4dd4": {
    "asset": 1601747529293,
    "meta": 1601747529294,
    "relativePath": "prefab\\label.prefab"
  },
  "785a442c-3ceb-45be-a46e-7317f625f3b9": {
    "asset": 1601747529297,
    "meta": 1601747529298,
    "relativePath": "prefab\\layout.prefab"
  },
  "a3ee0214-b432-4865-9666-4a3211814282": {
    "asset": 1601747479800,
    "meta": 1601747529296,
    "relativePath": "prefab\\light"
  },
  "61906da3-7003-4bda-9abc-5769c76faee4": {
    "asset": 1601747529303,
    "meta": 1601747529304,
    "relativePath": "prefab\\light\\ambient.prefab"
  },
  "ddb99b39-7004-47cd-9705-751905c43c46": {
    "asset": 1601747529306,
    "meta": 1601747529307,
    "relativePath": "prefab\\light\\directional.prefab"
  },
  "0cf30284-9073-46bc-9eba-e62b69dbbff3": {
    "asset": 1601747529310,
    "meta": 1601747529311,
    "relativePath": "prefab\\light\\point.prefab"
  },
  "f5331fd2-bf42-4ee3-a3fd-3e1657600eff": {
    "asset": 1601747529313,
    "meta": 1601747529314,
    "relativePath": "prefab\\light\\spot.prefab"
  },
  "ca8401fe-ad6e-41a8-bd46-8e3e4e9945be": {
    "asset": 1601747529317,
    "meta": 1601747529318,
    "relativePath": "prefab\\pageview.prefab"
  },
  "cd33edea-55f5-46c2-958d-357a01384a36": {
    "asset": 1601747529321,
    "meta": 1601747529321,
    "relativePath": "prefab\\particlesystem.prefab"
  },
  "5965ffac-69da-4b55-bcde-9225d0613c28": {
    "asset": 1601747529328,
    "meta": 1601747529329,
    "relativePath": "prefab\\progressBar.prefab"
  },
  "4a37dd57-78cd-4cec-aad4-f11a73d12b63": {
    "asset": 1601747529324,
    "meta": 1601747529326,
    "relativePath": "prefab\\richtext.prefab"
  },
  "32044bd2-481f-4cf1-a656-e2b2fb1594eb": {
    "asset": 1601747529336,
    "meta": 1601747529337,
    "relativePath": "prefab\\scrollview.prefab"
  },
  "0004d1cf-a0ad-47d8-ab17-34d3db9d35a3": {
    "asset": 1601747529332,
    "meta": 1601747529333,
    "relativePath": "prefab\\slider.prefab"
  },
  "1f55e3be-b89b-4b79-88de-47fd31018044": {
    "asset": 1601747529339,
    "meta": 1601747529340,
    "relativePath": "prefab\\sprite_splash.prefab"
  },
  "96083d03-c332-4a3f-9386-d03e2d19e8ee": {
    "asset": 1601747529343,
    "meta": 1601747529344,
    "relativePath": "prefab\\sprite.prefab"
  },
  "7de03a80-4457-438d-95a7-3e7cdffd6086": {
    "asset": 1601747529351,
    "meta": 1601747529351,
    "relativePath": "prefab\\tiledmap.prefab"
  },
  "0e42ba95-1fa1-46aa-b2cf-143cd1bcee2c": {
    "asset": 1601747529347,
    "meta": 1601747529348,
    "relativePath": "prefab\\tiledtile.prefab"
  },
  "0d784963-d024-4ea6-a7db-03be0ad63010": {
    "asset": 1601747529355,
    "meta": 1601747529356,
    "relativePath": "prefab\\toggle.prefab"
  },
  "bf0a434c-84dd-4a8e-a08a-7a36f180cc75": {
    "asset": 1601747529359,
    "meta": 1601747529360,
    "relativePath": "prefab\\toggleContainer.prefab"
  },
  "d1b8be49-b0a0-435c-83b7-552bed4bbe35": {
    "asset": 1601747529366,
    "meta": 1601747529367,
    "relativePath": "prefab\\toggleGroup.prefab"
  },
  "232d2782-c4bd-4bb4-9e01-909f03d6d3b9": {
    "asset": 1601747529363,
    "meta": 1601747529363,
    "relativePath": "prefab\\videoplayer.prefab"
  },
  "8c5001fd-07ee-4a4b-a8a0-63e15195e94d": {
    "asset": 1601747529607,
    "meta": 1601747529609,
    "relativePath": "prefab\\webview.prefab"
  },
  "d8afc78c-4eac-4a9f-83dd-67bc70344d33": {
    "asset": 1601747479854,
    "meta": 1601747529368,
    "relativePath": "resources"
  },
  "294c1663-4adf-4a1e-a795-53808011a38a": {
    "asset": 1601747479853,
    "meta": 1601747529370,
    "relativePath": "resources\\effects"
  },
  "30682f87-9f0d-4f17-8a44-72863791461b": {
    "asset": 1601747479838,
    "meta": 1601747529390,
    "relativePath": "resources\\effects\\builtin-2d-graphics.effect"
  },
  "144c3297-af63-49e8-b8ef-1cfa29b3be28": {
    "asset": 1601747479840,
    "meta": 1601747529410,
    "relativePath": "resources\\effects\\builtin-2d-gray-sprite.effect"
  },
  "f18742d7-56d2-4eb5-ae49-2d9d710b37c8": {
    "asset": 1601747479842,
    "meta": 1601747529434,
    "relativePath": "resources\\effects\\builtin-2d-label.effect"
  },
  "0e93aeaa-0b53-4e40-b8e0-6268b4e07bd7": {
    "asset": 1601747479843,
    "meta": 1601747529454,
    "relativePath": "resources\\effects\\builtin-2d-spine.effect"
  },
  "2874f8dd-416c-4440-81b7-555975426e93": {
    "asset": 1601747479845,
    "meta": 1601747529471,
    "relativePath": "resources\\effects\\builtin-2d-sprite.effect"
  },
  "829a282c-b049-4019-bd38-5ace8d8a6417": {
    "asset": 1601747479847,
    "meta": 1601747529605,
    "relativePath": "resources\\effects\\builtin-3d-particle.effect"
  },
  "2a7c0036-e0b3-4fe1-8998-89a54b8a2bec": {
    "asset": 1601747479849,
    "meta": 1601747529641,
    "relativePath": "resources\\effects\\builtin-3d-trail.effect"
  },
  "c0040c95-c57f-49cd-9cbc-12316b73d0d4": {
    "asset": 1601747479850,
    "meta": 1601747529656,
    "relativePath": "resources\\effects\\builtin-clear-stencil.effect"
  },
  "6d91e591-4ce0-465c-809f-610ec95019c6": {
    "asset": 1601747479852,
    "meta": 1601747529682,
    "relativePath": "resources\\effects\\builtin-unlit.effect"
  },
  "bbee2217-c261-49bd-a8ce-708d6bcc3500": {
    "asset": 1601747479872,
    "meta": 1601747529686,
    "relativePath": "resources\\materials"
  },
  "6f801092-0c37-4f30-89ef-c8d960825b36": {
    "asset": 1601747479855,
    "meta": 1601747529934,
    "relativePath": "resources\\materials\\builtin-2d-base.mtl"
  },
  "a153945d-2511-4c14-be7b-05d242f47d57": {
    "asset": 1601747479858,
    "meta": 1601747529936,
    "relativePath": "resources\\materials\\builtin-2d-graphics.mtl"
  },
  "3a7bb79f-32fd-422e-ada2-96f518fed422": {
    "asset": 1601747479860,
    "meta": 1601747529938,
    "relativePath": "resources\\materials\\builtin-2d-gray-sprite.mtl"
  },
  "e02d87d4-e599-4d16-8001-e14891ac6506": {
    "asset": 1601747479862,
    "meta": 1601747529940,
    "relativePath": "resources\\materials\\builtin-2d-label.mtl"
  },
  "7afd064b-113f-480e-b793-8817d19f63c3": {
    "asset": 1601747479864,
    "meta": 1601747529943,
    "relativePath": "resources\\materials\\builtin-2d-spine.mtl"
  },
  "eca5d2f2-8ef6-41c2-bbe6-f9c79d09c432": {
    "asset": 1601747479865,
    "meta": 1601747529948,
    "relativePath": "resources\\materials\\builtin-2d-sprite.mtl"
  },
  "432fa09c-cf03-4cff-a186-982604408a07": {
    "asset": 1601747479867,
    "meta": 1601747529951,
    "relativePath": "resources\\materials\\builtin-3d-particle.mtl"
  },
  "466d4f9b-e5f4-4ea8-85d5-3c6e9a65658a": {
    "asset": 1601747479868,
    "meta": 1601747529954,
    "relativePath": "resources\\materials\\builtin-3d-trail.mtl"
  },
  "cf7e0bb8-a81c-44a9-ad79-d28d43991032": {
    "asset": 1601747479870,
    "meta": 1601747529956,
    "relativePath": "resources\\materials\\builtin-clear-stencil.mtl"
  },
  "2a296057-247c-4a1c-bbeb-0548b6c98650": {
    "asset": 1601747479872,
    "meta": 1601747529959,
    "relativePath": "resources\\materials\\builtin-unlit.mtl"
  },
  "954fec8b-cd16-4bb9-a3b7-7719660e7558": {
    "asset": 1601747479762,
    "meta": 1601747532769,
    "relativePath": "model\\primitives.fbx"
  },
  "daf93270-b0ae-4ac0-b0fc-b2b4966b4cfb": {
    "asset": 1601570647924,
    "meta": 1601570649333,
    "relativePath": "Script\\tip.js"
  },
  "4ff71ec1-642a-4c41-96fa-a1a15271a68f": {
    "asset": 1601731552894,
    "meta": 1601731555508,
    "relativePath": "Script\\huaxian.js"
  },
  "7d6c2c02-d610-4fb2-b4b0-e604fb2cc09f": {
    "asset": 1601733399949,
    "meta": 1601733405464,
    "relativePath": "Script\\NewScript - 004.js"
  },
  "335b865f-dd56-44a3-a04f-1bd880152c39": {
    "asset": 1601733424918,
    "meta": 1601733427024,
    "relativePath": "Script\\NewScript - 003.js"
  },
  "20d04e92-282d-469f-8dcc-b05571422991": {
    "asset": 1601744788685,
    "meta": 1601744789393,
    "relativePath": "Script\\huaxian - 001.js"
  },
  "b59d3f07-de11-468b-97e1-c9cd74fb84e6": {
    "asset": 1601747078101,
    "meta": 1601748222603,
    "relativePath": "image\\50d90f98-737f-431c-b2be-43e73994fd6a.4c3a0.png"
  },
  "d0505827-f350-4650-bc8a-4b77f5b0eed7": {
    "asset": 1601747078100,
    "meta": 1601748222621,
    "relativePath": "image\\496676e0-effe-445c-9ac6-f339596232ec.d3a41.png"
  },
  "eae1391e-abef-4bc8-ac10-cf82ac66b9bf": {
    "asset": 1601747078140,
    "meta": 1601748222663,
    "relativePath": "image\\53d5a39a-3a34-4c96-92fe-2922a339ca97.3a97f.png"
  },
  "43b022f1-d50f-402c-bba9-9bd5ec56f8b3": {
    "asset": 1601747078149,
    "meta": 1601748222667,
    "relativePath": "image\\568e14b1-f171-41c4-a4ef-d8e64c85433d.03337.png"
  },
  "4979db62-1540-4e00-8ad5-d745dfa3eae1": {
    "asset": 1601747078085,
    "meta": 1601748222681,
    "relativePath": "image\\71561142-4c83-4933-afca-cb7a17f67053.c06a9.png"
  },
  "e168ce76-6e7e-47bf-a502-f1efa5cd8900": {
    "asset": 1601747078122,
    "meta": 1601748222702,
    "relativePath": "image\\582d8390-a926-4dbf-8f87-2a1f3c799601.e5dcf.png"
  },
  "cb976d83-6c1c-48b4-b62b-475e29c3402a": {
    "asset": 1601747078135,
    "meta": 1601748222734,
    "relativePath": "image\\91329218-443d-48d5-b7cb-21f790e18d48.67e21.png"
  },
  "567fe044-5e1c-451c-8d17-dc0c349c0a11": {
    "asset": 1601747078099,
    "meta": 1601748222760,
    "relativePath": "image\\91e8387f-e5aa-49aa-a88b-70e4fd0643c7.5a1b1.png"
  },
  "55eb2da7-e60a-4c17-871f-90c4b74743f8": {
    "asset": 1601747078071,
    "meta": 1601748222772,
    "relativePath": "image\\a8027877-d8d6-4645-97a0-52d4a0123dba.cea68.png"
  },
  "004d4cc1-e7c9-4fd2-be6b-d5ceb94005db": {
    "asset": 1601747078131,
    "meta": 1601748222799,
    "relativePath": "image\\ad3d2f33-7794-40f4-84c9-a9e0b932d769.76869.png"
  },
  "dac09545-acac-4db1-937a-cdff0eddfc74": {
    "asset": 1601747078117,
    "meta": 1601748222840,
    "relativePath": "image\\b1cca2cc-7f5a-4a27-a93a-17387eae95e5.1620f.png"
  },
  "ef7c7c58-5ee3-4b28-8acb-8b0f44c24120": {
    "asset": 1601747078085,
    "meta": 1601748222855,
    "relativePath": "image\\b43ff3c2-02bb-4874-81f7-f2dea6970f18.83fcc.png"
  },
  "a97ddbac-83e4-4ebb-8496-7e74ab9860ce": {
    "asset": 1601747078117,
    "meta": 1601748222952,
    "relativePath": "image\\bbe21240-cb65-4ea7-bb85-53e264fe9d53.994da.png"
  },
  "54a8f1e2-b8a2-44ef-95dd-2f3b56bec699": {
    "asset": 1601747078121,
    "meta": 1601748222971,
    "relativePath": "image\\c6395f70-6f23-416d-af4a-387e9a89fd00.ae8f3.png"
  },
  "e0a3f379-14b0-4ac0-8c4e-b746732bdb48": {
    "asset": 1601747078112,
    "meta": 1601748222993,
    "relativePath": "image\\e77e4cc7-16b3-42a4-b3dc-cc14c202d78f.b912f.png"
  },
  "9acf7f97-2ee7-4477-9386-60b9630e9bb4": {
    "asset": 1601747078082,
    "meta": 1601748223007,
    "relativePath": "image\\e851e89b-faa2-4484-bea6-5c01dd9f06e2.90cf4.png"
  },
  "c334e45a-d434-4f2a-8952-1d8fffd7f9ac": {
    "asset": 1601747078129,
    "meta": 1601748223035,
    "relativePath": "image\\ecd7bb5a-b9ee-4aad-99ff-ad57941ca075.1dbbd.png"
  },
  "b1e359b3-dd5a-4e04-979f-c8b45f843172": {
    "asset": 1601747078113,
    "meta": 1601748223061,
    "relativePath": "image\\ee806312-99cf-4127-8418-1787dcb21175.05ba4.png"
  },
  "65cf692e-68ba-4eb1-89f9-687a5630e9f8": {
    "asset": 1601747078056,
    "meta": 1601748223511,
    "relativePath": "image\\877a0142-68c6-4edb-8de2-3a16e81765a0.093ee.mp3"
  },
  "403eeab3-4c68-4d65-bb8d-7d9c301e7dc3": {
    "asset": 1601747078056,
    "meta": 1601748874859,
    "relativePath": "misc\\877a0142-68c6-4edb-8de2-3a16e81765a0.093ee.mp3"
  },
  "3dfd477d-7bed-41cc-a9a4-e7da8858c125": {
    "asset": 1603654686649,
    "meta": 1603654686664,
    "relativePath": "Scene\\os.fire"
  },
  "dd4214f4-61e8-40e8-8acf-37d7337f9de1": {
    "asset": 1603639783741,
    "meta": 1603639908032,
    "relativePath": "image\\1ZHF4Y[HWQW@EEJ11W0)TF0.png"
  },
  "8df82e35-569b-405c-80b6-be9fe214beb2": {
    "asset": 1603639841429,
    "meta": 1603639908034,
    "relativePath": "image\\BCU0V_(RDML}O0D`)@GQ}0U.png"
  },
  "c52a7bbe-e09b-49a5-8f08-131f6132e6dd": {
    "asset": 1603652916680,
    "meta": 1603652916692,
    "relativePath": "Scene\\help.fire"
  },
  "e6f7dea3-fdb3-47db-91ab-152c362fd942": {
    "asset": 1603642445037,
    "meta": 1603643602778,
    "relativePath": "image\\suoxiao.png"
  },
  "ce2b2c44-22fb-4dbe-b2ba-6f919beb6f82": {
    "asset": 1603642436431,
    "meta": 1603643602790,
    "relativePath": "image\\fangda.png"
  },
  "fd6751b1-f757-4a58-a4d4-a5d858e7c1d3": {
    "asset": 1603642414729,
    "meta": 1603643602819,
    "relativePath": "image\\yuan.png"
  },
  "00fa9caa-17d9-4d33-ba01-73032c439f5b": {
    "asset": 1603643694799,
    "meta": 1603643695832,
    "relativePath": "Script\\CC.js"
  },
  "46e8d689-b977-4dd7-b4e8-03b7ef9cb17d": {
    "asset": 1603652985850,
    "meta": 1603652985863,
    "relativePath": "Scene\\help-22.fire"
  },
  "2c7b6497-13ab-4196-8938-aa8d81c1a592": {
    "asset": 1603651794381,
    "meta": 1603651797988,
    "relativePath": "Script\\NewScript.js"
  },
  "375d980d-f586-4065-b640-c1deec5654af": {
    "asset": 1603652008154,
    "meta": 1603652009613,
    "relativePath": "Script\\Label main.js"
  },
  "57845a50-3baa-4435-90c5-aee4ffd58893": {
    "asset": 1603652245237,
    "meta": 1603652262200,
    "relativePath": "image\\WCXvPuFubf.jpg"
  },
  "25cd0ed7-792e-44af-b95f-006214a71052": {
    "asset": 1603652868256,
    "meta": 1603652877273,
    "relativePath": "image\\QQ图片20201026030732-removebg-preview.png"
  },
  "a04bfafb-079a-4553-8e18-9a22f8f64834": {
    "asset": 1603653308713,
    "meta": 1603653322693,
    "relativePath": "image\\background-2426328_1280-removebg-preview.png"
  },
  "bb18f54f-7618-40ba-bcef-61433e187043": {
    "asset": 1603653684453,
    "meta": 1603653724801,
    "relativePath": "image\\wood-barn-background-old-weathered-rustic-vintage.jpg"
  },
  "119ab8c3-f4ec-4109-a6bf-f23cd98230bb": {
    "asset": 1603653963037,
    "meta": 1603653972407,
    "relativePath": "image\\white-4655992_1280.jpg"
  },
  "804c2391-9f58-471c-856a-b48e350d2715": {
    "asset": 1603654233316,
    "meta": 1603654263227,
    "relativePath": "image\\board-218533_960_720.jpg"
  },
  "fe8e4d7f-fe8c-48ed-af87-64aa520c4368": {
    "asset": 1603654240701,
    "meta": 1603654449342,
    "relativePath": "image\\board-218533_960_720-removebg-preview.png"
  },
  "688cf1e7-285e-4300-bfaa-bea8d20d1581": {
    "asset": 1603654543590,
    "meta": 1603654552327,
    "relativePath": "image\\wall-583690_1280.jpg"
  }
}