{
  "version": "1.1.1",
  "windows": {
    "main": {
      "main": true,
      "url": "app://editor/index.html",
      "windowType": "dockable",
      "x": 80,
      "y": 64,
      "width": 2696,
      "height": 1488,
      "layout": {
        "children": [
          {
            "children": [
              {
                "active": 0,
                "children": [
                  "hierarchy"
                ],
                "height": 569.9125366210938,
                "type": "panel",
                "width": 406.51251220703125
              },
              {
                "active": 0,
                "children": [
                  "assets",
                  "cloud-function"
                ],
                "height": 799.2875366210938,
                "type": "panel",
                "width": 406.51251220703125
              }
            ],
            "height": 1372.2000732421875,
            "type": "dock-v",
            "width": 406.51251220703125
          },
          {
            "active": 0,
            "children": [
              "scene"
            ],
            "height": 1372.2000732421875,
            "type": "panel",
            "width": 1301.6500244140625
          },
          {
            "active": 0,
            "children": [
              "node-library"
            ],
            "height": 1372.2000732421875,
            "type": "panel",
            "width": 369.4750061035156
          },
          {
            "active": 0,
            "children": [
              "inspector"
            ],
            "height": 1372.2000732421875,
            "type": "panel",
            "width": 595.7625122070312
          }
        ],
        "type": "dock-h"
      },
      "panels": [
        "hierarchy",
        "assets",
        "cloud-function",
        "scene",
        "node-library",
        "inspector"
      ]
    }
  },
  "panels": {
    "project-settings": {
      "x": 584,
      "y": 620,
      "width": 616,
      "height": 580
    },
    "sprite-editor": {
      "x": 956,
      "y": 884,
      "width": 524,
      "height": 548
    },
    "preferences": {
      "x": 1244,
      "y": 560,
      "width": 604,
      "height": 568
    },
    "timeline": {
      "x": 940,
      "y": 1304,
      "width": 540,
      "height": 356
    },
    "game-window": {
      "x": 1276,
      "y": 560,
      "width": 516,
      "height": 540
    },
    "console": {
      "x": 1480,
      "y": 1040,
      "width": 1244,
      "height": 372
    },
    "cloud-function": {
      "x": 2664,
      "y": 724,
      "width": 324,
      "height": 476
    },
    "package-asset.export": {
      "x": 588,
      "y": 656,
      "width": 421,
      "height": 587
    },
    "builder": {
      "x": 284,
      "y": 424,
      "width": 548,
      "height": 828
    },
    "package-manager": {
      "x": 1276,
      "y": 412,
      "width": 520,
      "height": 840
    },
    "ui-kit-preview": {
      "x": 1732,
      "y": 500,
      "width": 820,
      "height": 640
    }
  },
  "panelLabelWidth": {
    "inspector": null,
    "preferences": null,
    "builder": null,
    "project-settings": null
  }
}
